gtsam_id,pos_x,pos_y,pos_z,vel_x,vel_y,vel_z,bias_acc_x,bias_acc_y,bias_acc_z,bias_gyro_x,bias_gyro_y,bias_gyro_z,new_factors_error
9,-0.06020042216612075,0.0017467577139315643,-0.15605806566619335,0.006223942564396824,0.02810450674709033,-0.576030514021144,0.013309800537759759,-0.018754238958181003,-0.01264081885596091,-0.008683310480719091,0.015945049714903632,0.07591954183944359,190.81037261294196
