Round,error
0,68.55313282904929
1,71.81366164214288
2,78.73236451750807
3,86.09254324321368
4,152.74275135703422
