gtsam_id,pos_x,pos_y,pos_z,vel_x,vel_y,vel_z,bias_acc_x,bias_acc_y,bias_acc_z,bias_gyro_x,bias_gyro_y,bias_gyro_z,new_factors_error
9,-0.058399686779744726,0.001090088157902299,-0.1776243397867873,-0.005299941264026102,0.026342389007130863,-0.5450443646703977,0.03565418462090832,-0.07170826451698317,-0.021916140438077575,-0.00783836452745088,0.014512151245168957,0.07712656491543839,139.25860466804372
10,-0.05648991544125578,0.0031132816982155738,-0.22739531485989095,-0.006826300687701678,0.03035453391334944,-0.4751401435951803,0.021330190324194982,-0.055750847765024966,-0.023651752626026926,-0.007422170172072913,0.014326410017509042,0.07757803201002904,112.01441662293675
11,-0.056649146630572494,0.004434393122560466,-0.24673436418556455,-0.00809888794661029,0.04513716662120977,-0.4294135537621064,0.007930215996499285,-0.0372751322185359,-0.017464999082192657,-0.0075952701074622625,0.014307937800093293,0.07720768977408295,14.224730924563282
12,-0.056046301607192636,0.005590730553370709,-0.26364028594646666,-0.002018984790475296,0.043070340962323386,-0.3919528465430825,-0.003418089414536578,-0.019267329360089454,-0.011360839503249436,-0.007492106100849382,0.015033286791081719,0.07772046220676233,89.48099068960481
13,-0.05594037247909295,0.007729037008000983,-0.27613205569904,0.000575195854733028,0.04041956137757065,-0.32317205211851263,-0.022240241840128714,0.001223144962324691,-0.006747144928275884,-0.007447688692874429,0.014515502575992989,0.07785457595427496,55.963344604700715
