Round,error
0,68.55313282904929
1,92.83116867337411
2,122.43455659788594
3,154.1647882479405
4,264.0371534712496
