gtsam_id,pos_x,pos_y,pos_z,vel_x,vel_y,vel_z,bias_acc_x,bias_acc_y,bias_acc_z,bias_gyro_x,bias_gyro_y,bias_gyro_z,new_factors_error
9,-0.05823717254059818,0.001320218191462593,-0.17840451195906942,-0.005896592644573394,0.027108029558857626,-0.5479178181040794,0.042224084717723494,-0.07601725013772813,-0.02367171037664273,-0.007844187012641989,0.01424992344451357,0.07699219195042946,141.83660793952376
10,-0.05691290195000056,0.003298553446403114,-0.22776770740526073,-0.010446434598056492,0.031063652036492362,-0.4750322597645835,0.02095610523720662,-0.06206009652407396,-0.023072841448911703,-0.0075315003054523275,0.014085254094231796,0.07706163647052415,107.32449604790625
11,-0.0566214326753593,0.004642373616521168,-0.24691275386851175,-0.00897513483206428,0.04579527375738364,-0.4293706049207684,0.006005400042306919,-0.04007661107956093,-0.016750347612126945,-0.007591288231684948,0.014142659882455855,0.07714353322478049,14.4260422241861
