Round,error
0,68.55313282904929
1,68.55867720395693
2,68.55868295875301
3,68.55868296398312
4,68.55868296398776
5,68.55868296398776
6,68.55868296398776
7,68.55868296398776
8,68.55868296398776
9,68.55868296398776
