gtsam_id,pos_x,pos_y,pos_z,vel_x,vel_y,vel_z,bias_acc_x,bias_acc_y,bias_acc_z,bias_gyro_x,bias_gyro_y,bias_gyro_z,new_factors_error
9,-0.05820414890089242,0.0013193375214953572,-0.17869742131470545,-0.006215049420434764,0.026250225238668053,-0.5487582050999678,0.044851582652783294,-0.0753530341322396,-0.02304115688468296,-0.007177257007828672,0.013611452300996266,0.07796221933529328,135.1403468784583
10,-0.0567184985656336,0.003555087354545521,-0.22968916203490966,-0.013714349322698206,0.03190675713946787,-0.48195382772895806,0.034507343881461795,-0.06705350403140214,-0.02325572325021054,-0.007168746906944477,0.01331431167119495,0.07751139195821898,121.26214555230818
