Round,error
0,68.55313282904929
1,91.400600516968
2,117.89253462800895
3,150.12435392688243
4,254.56133997737018
