gtsam_id,pos_x,pos_y,pos_z,vel_x,vel_y,vel_z,bias_acc_x,bias_acc_y,bias_acc_z,bias_gyro_x,bias_gyro_y,bias_gyro_z,new_factors_error
9,-0.05931425544173244,0.0005235555530188915,-0.17636065132656661,-0.002756955211262728,0.02759745829426804,-0.5492108479454406,0.04860502151895832,-0.051700503616243,-0.019700632797326135,-0.008077934570619416,0.014362549259300424,0.07648441150946637,251.48997756289407
10,-0.056429184222681394,0.002807727842243842,-0.22792519974160255,-0.009135448777884077,0.033154467839255734,-0.48314929436392895,0.03669836811533658,-0.0414144937161442,-0.02164082551170534,-0.008126427484306772,0.014133150375778131,0.0762395478782196,155.7034992911724
11,-0.05678983022563705,0.004553355323238805,-0.25015218791656907,-0.017357585579105148,0.04872312276679478,-0.44452514097933093,0.03181612859758154,-0.03698068435422039,-0.02073234073989355,-0.008176547240913313,0.013870154538726734,0.0761406484373018,0.4795283142903008
12,-0.05700175508271023,0.007047500953756599,-0.2716268131354728,-0.021346309825772215,0.052701293367439894,-0.4172138542186044,0.031868050544613474,-0.036667592933136484,-0.01992559324441357,-0.008253514302110567,0.013621494934610165,0.07617923000411753,0.1988266390460461
13,-0.05359920724729027,0.008075933893862427,-0.29109273549083553,-0.006529638337844385,0.042204021390408485,-0.3645796232337219,0.032164086666577135,-0.017808987269541623,-0.013672579151536007,-0.007543627933870361,0.014585710695511263,0.07750340210882649,113.13188694477616
14,-0.05311250256585442,0.010243982186672936,-0.3019955981051384,0.0059438022402277454,0.03583392423890791,-0.26509465352089656,0.01836462209145917,-0.0018928183894978204,-0.010517372640391324,-0.007217929025181719,0.014650926666282349,0.0787018483709707,354.8771787541053
15,-0.05302690760866129,0.011596809085579116,-0.3089092193654462,0.0049313935706193825,0.020848326794776585,-0.12121268603487094,0.010560605447691123,0.003909683800362566,-0.009883633060748704,-0.00700841925548159,0.014156159652494947,0.07884221346076534,342.0957986954101
16,-0.05760302640661437,0.011129516145142467,-0.29192121550176875,0.010745608624560818,0.010768078135680172,0.08910532623287558,-0.027028740899491262,0.02940799854100214,-0.000512706349367606,-0.006941496423769783,0.013728857360964398,0.07972712848077936,12091.99975406402
