Round,error
0,68.55313282904929
1,92.63347898868055
2,121.98004148801374
3,153.46199071842844
4,263.2497305677869
