gtsam_id,pos_x,pos_y,pos_z,vel_x,vel_y,vel_z,bias_acc_x,bias_acc_y,bias_acc_z,bias_gyro_x,bias_gyro_y,bias_gyro_z,new_factors_error
9,-0.05798205266175281,0.0015817689927924167,-0.1789084031654884,-0.006522135130886307,0.02689397030687795,-0.5482104545571688,0.04221299827504299,-0.07912123860618353,-0.025673971656395362,-0.007789392098610409,0.014240758528150831,0.07723942957317215,133.45754931098753
10,-0.05665976116437143,0.003547178275256405,-0.22836480920957608,-0.010124542057864587,0.033118812774477535,-0.47660031818185766,0.02557503437577273,-0.061330548923804754,-0.021980338208383174,-0.00734390016366934,0.013891526841523942,0.07738293169805517,104.84981688140026
