Round,error
0,68.55313282904929
1,92.68997734388061
2,122.08731118489041
3,153.58034640654984
4,263.333629691506
