Round,error
0,68.55313282904929
1,71.81366164214288
2,78.73236451750807
3,126.78596226973495
4,223.18893446603445
