gtsam_id,pos_x,pos_y,pos_z,vel_x,vel_y,vel_z,bias_acc_x,bias_acc_y,bias_acc_z,bias_gyro_x,bias_gyro_y,bias_gyro_z,new_factors_error
9,-0.05931425544173244,0.0005235555530188915,-0.17636065132656661,-0.002756955211262728,0.02759745829426804,-0.5492108479454406,0.04860502151895832,-0.051700503616243,-0.019700632797326135,-0.008077934570619416,0.014362549259300424,0.07648441150946637,251.48997756289407
10,-0.056453012780768946,0.002807529240943265,-0.22789624981309844,-0.009228872463649677,0.03331969200539543,-0.4835717902843194,0.03649956678783055,-0.041304030102959015,-0.021599772221343693,-0.00811471187072549,0.014129679045122972,0.07623755862958578,155.77424907279726
11,-0.05575825612665894,0.004579635280369486,-0.24932307523843972,-0.010536811895807921,0.0500851768344245,-0.44201955892434447,0.02573810101483053,-0.025961587486310674,-0.018825338797043425,-0.00811865689543969,0.013584336454037687,0.07607201410283794,5.746832271199334
12,-0.05499082973257404,0.006733224754914125,-0.26816854963803616,-0.0035107591720441,0.05362014124355684,-0.40786734298199756,0.015951481933449134,-0.010462580544457705,-0.01483852523806631,-0.007878243503208005,0.013488823207860606,0.07666900253682801,5.769124912506548
13,-0.05503450175070908,0.007536205229019813,-0.2815713338048804,0.004556321053241923,0.04259347187233814,-0.34053594208806653,0.0010426126177267517,0.011172071301555701,-0.00540556803709797,-0.007094494654060281,0.014289545777299654,0.07786121715106967,113.24197186619988
14,-0.05651773811472799,0.009771542269305005,-0.2889634283017102,0.010265714752491903,0.03754774823733402,-0.2348739558297889,-0.01629934804191789,0.027106707154768338,-0.0033934201172278584,-0.006813125086435347,0.013868013061221589,0.0782316753193673,281.0418299246641
15,-0.0548386073776405,0.011131148947985857,-0.30074849499252493,-0.008777752326510398,0.01924574749411297,-0.09718066533749216,-0.01749240353031414,0.014219639540591042,-0.007181120363088234,-0.007076315695595339,0.013596149973320598,0.07752249933177636,31.85447522376474
16,-0.056678912751314335,0.010270444383658666,-0.28979977945769286,0.004254413085559572,0.005980491796936659,0.09873899368590947,-0.03913442887626557,0.04147895686112344,-0.0016246339732618473,-0.006592023437039531,0.013963404336031054,0.07851113737916905,77.08311429120965
