gtsam_id,pos_x,pos_y,pos_z,vel_x,vel_y,vel_z,bias_acc_x,bias_acc_y,bias_acc_z,bias_gyro_x,bias_gyro_y,bias_gyro_z,new_factors_error
9,-0.05931425544173244,0.0005235555530188915,-0.17636065132656661,-0.002756955211262728,0.02759745829426804,-0.5492108479454406,0.04860502151895832,-0.051700503616243,-0.019700632797326135,-0.008077934570619416,0.014362549259300424,0.07648441150946637,251.48997756289407
10,-0.056429184222681394,0.002807727842243842,-0.22792519974160255,-0.009135448777884077,0.033154467839255734,-0.48314929436392895,0.03669836811533658,-0.0414144937161442,-0.02164082551170534,-0.008126427484306772,0.014133150375778131,0.0762395478782196,155.7034992911724
11,-0.055993103195135764,0.004728760710370722,-0.24892955234064004,-0.011155120293511761,0.05095585618281221,-0.44062209814315917,0.02452238371714928,-0.025011322208475326,-0.018624922053201556,-0.008407918514309562,0.013483753282009644,0.07608008056166547,19.595873120963983
12,-0.055880076600626376,0.007007331500858952,-0.26618331994121047,-0.004136103027287338,0.05582043167547665,-0.4023887947872758,0.009624098551460228,-0.00534345643350774,-0.012468239710711818,-0.008342767908501624,0.013207514925915643,0.07644666133954615,26.66340723271518
13,-0.05620176076295059,0.007799889274305093,-0.27854280256142366,0.00416235486840206,0.04468483051271876,-0.3329398303853694,-0.007060803873669039,0.01861748917102331,-0.0012208296273418986,-0.0075853798736487095,0.014152836895876021,0.07741839860173116,142.95511565693755
14,-0.05649683943720312,0.009546400969607327,-0.28655124233952173,0.011990376014894048,0.036241271385169034,-0.22665820924613708,-0.02435599484544529,0.033188925144127565,0.0043351535618021625,-0.007117803485769579,0.014154519229884352,0.07774311074374557,289.270534519339
15,-0.05565199593369602,0.01060242727478578,-0.29272395498432335,0.004914465987082868,0.01779314916545461,-0.07900845847150972,-0.036028464711434484,0.033935880945887065,0.0020815136351944514,-0.007171873934908879,0.013938509696334788,0.07749971250689394,23403.282940552825
