gtsam_id,pos_x,pos_y,pos_z,vel_x,vel_y,vel_z,bias_acc_x,bias_acc_y,bias_acc_z,bias_gyro_x,bias_gyro_y,bias_gyro_z,new_factors_error
9,-0.05798205266175281,0.0015817689927924167,-0.1789084031654884,-0.006522135130886307,0.02689397030687795,-0.5482104545571688,0.04221299827504299,-0.07912123860618353,-0.025673971656395362,-0.007789392098610409,0.014240758528150831,0.07723942957317215,133.45754931098753
10,-0.05663121605394799,0.0035359355288607655,-0.22839231623275713,-0.008977260476706798,0.03254752919146098,-0.4768837923735222,0.025646832665588985,-0.06152679909103797,-0.02197391867481941,-0.00735192544609568,0.013937678781125796,0.07739142636145101,103.43903700265618
