gtsam_id,pos_x,pos_y,pos_z,vel_x,vel_y,vel_z,bias_acc_x,bias_acc_y,bias_acc_z,bias_gyro_x,bias_gyro_y,bias_gyro_z,new_factors_error
9,-0.05798205266175281,0.0015817689927924167,-0.1789084031654884,-0.006522135130886307,0.02689397030687795,-0.5482104545571688,0.04221299827504299,-0.07912123860618353,-0.025673971656395362,-0.007789392098610409,0.014240758528150831,0.07723942957317215,133.45754931098753
10,-0.056646735418049515,0.00353777681105096,-0.22837421636918323,-0.009086184773763287,0.03271921298727097,-0.47733060346807216,0.025470817383633805,-0.061450967387678954,-0.021940693798524983,-0.007340840317878619,0.013933514206711968,0.07738874530438275,103.58995559188075
