gtsam_id,pos_x,pos_y,pos_z,vel_x,vel_y,vel_z,bias_acc_x,bias_acc_y,bias_acc_z,bias_gyro_x,bias_gyro_y,bias_gyro_z,new_factors_error
9,-0.05931425544173244,0.0005235555530188915,-0.17636065132656661,-0.002756955211262728,0.02759745829426804,-0.5492108479454406,0.04860502151895832,-0.051700503616243,-0.019700632797326135,-0.008077934570619416,0.014362549259300424,0.07648441150946637,251.48997756289407
10,-0.056453012780768946,0.002807529240943265,-0.22789624981309844,-0.009228872463649677,0.03331969200539543,-0.4835717902843194,0.03649956678783055,-0.041304030102959015,-0.021599772221343693,-0.00811471187072549,0.014129679045122972,0.07623755862958578,155.77424907279726
11,-0.05678686693640494,0.00456049629898387,-0.2501774592856716,-0.01746333757853596,0.048869379978374546,-0.4449672151358624,0.03159919634731552,-0.03694055057532114,-0.02066767237692346,-0.008164225795645666,0.013866960011484528,0.07613978098561387,0.4679640382566706
12,-0.05700341662379183,0.007061408051771316,-0.27167369913425526,-0.021449559011952144,0.05284473904896461,-0.417643694494971,0.031653009480988314,-0.03662812676715433,-0.019853730585551708,-0.00824163424698094,0.013617146139920981,0.07617851592936473,0.19934375548477745
13,-0.05359502938201859,0.008083052916409775,-0.2911620277672253,-0.006567520983755085,0.04228046037733177,-0.3650131813190341,0.03197917658611773,-0.01771289326138396,-0.013583525608912381,-0.007531158907125356,0.014588390606224712,0.07749914837767616,113.34600861844064
14,-0.05312058009704896,0.010251623037283913,-0.3020612533208638,0.005486961353825471,0.035890023771646906,-0.26490785481528173,0.018196307158768965,-0.0017407260857402046,-0.010414886662073266,-0.0072119916070886225,0.014652471827252034,0.0787105050070142,366.5079608072947
15,-0.053046492720408636,0.011603979125104105,-0.308978190834351,0.004544536165877103,0.020872364651793908,-0.1210560760888728,0.010445185956646504,0.004072163020770685,-0.009775048360059138,-0.00700190795405073,0.014159607892347015,0.07886068108959844,349.6513373595334
16,-0.05757538588237931,0.011137604803197344,-0.2920381389679941,0.01071038368271373,0.010791247416790767,0.08912439347732759,-0.027006465027738413,0.029660006589187417,-0.0004340387693684191,-0.006927329530710221,0.013732845114049886,0.07977296842376935,12088.46196988564
