gtsam_id,pos_x,pos_y,pos_z,vel_x,vel_y,vel_z,bias_acc_x,bias_acc_y,bias_acc_z,bias_gyro_x,bias_gyro_y,bias_gyro_z,new_factors_error
9,0.0557614601423095,0.004163478164455147,0.08295886221479752,0.005530845910609103,-0.010997314862307296,-0.601485347589645,-0.056084228538208075,-0.30558346292576377,0.0695070305218813,0.008548701999446202,0.012114984997372185,0.08632797689767138,85.91237561597784
