gtsam_id,pos_x,pos_y,pos_z,vel_x,vel_y,vel_z,bias_acc_x,bias_acc_y,bias_acc_z,bias_gyro_x,bias_gyro_y,bias_gyro_z,new_factors_error
9,-0.05798205266175281,0.0015817689927924167,-0.1789084031654884,-0.006522135130886307,0.02689397030687795,-0.5482104545571688,0.04221299827504299,-0.07912123860618353,-0.025673971656395362,-0.007789392098610409,0.014240758528150831,0.07723942957317215,133.45754931098753
10,-0.05663121605394799,0.0035359355288607655,-0.22839231623275713,-0.008977260476706798,0.03254752919146098,-0.4768837923735222,0.025646832665588985,-0.06152679909103797,-0.02197391867481941,-0.00735192544609568,0.013937678781125796,0.07739142636145101,103.43903700265618
11,-0.0564592332846542,0.004733869228316148,-0.24653106823404147,-0.006029029462016097,0.04663358770486507,-0.4278716179571249,0.005405921726800371,-0.03702746106401894,-0.014156616066301253,-0.007325104913180143,0.014089201472833799,0.07755738278219652,26.171557299708155
12,-0.05560170350346239,0.006323058181757711,-0.2634216720013517,0.0003626343440391467,0.047156720966526004,-0.3895674960882434,-0.006188666880390135,-0.024070713527220365,-0.008003561909949997,-0.007130548009470783,0.014397790081542374,0.07803248356864084,52.63445355606736
