Round,error
0,68.55313282904929
1,92.48092890061842
2,124.2283463061634
3,159.75541890380677
4,270.2298082163967
5,319.8329911502524
6,365.24079001188056
7,395.95992421625255
8,418.76364784202764
9,449.35606848571194
10,486.2351587566891
11,511.60636841198664
12,543.0144971796133
