gtsam_id,pos_x,pos_y,pos_z,vel_x,vel_y,vel_z,bias_acc_x,bias_acc_y,bias_acc_z,bias_gyro_x,bias_gyro_y,bias_gyro_z,new_factors_error
10,-0.060601603927138085,0.002990641069238957,-0.17833203043993712,0.0017968155390600885,0.025433918599971926,-0.5334592178503859,-0.0024590042914335564,-0.008690811386837886,-0.01228550503492408,-0.008687248371631548,0.015944016827011888,0.07591544230884359,0.0
11,-0.05805236711626274,0.0056644133933388945,-0.22693688710218385,-0.0019645365560503857,0.027238005180943235,-0.44707892412419564,-0.008514929992429683,-0.004571220929079604,-0.013777747048284168,-0.008690617524729721,0.01591341353653845,0.0759008759083967,0.0
12,-0.05930545164060246,0.007059610587152729,-0.23830218115040874,-0.01648454723492533,0.028759524792730848,-0.3868186562173537,-0.0003139232593244272,0.005181187304251574,-0.023329396843113817,-0.008718996313603608,0.015843278035550946,0.07587451978151098,0.0
13,-0.06249616806192104,0.007707236302875765,-0.23833230144439685,-0.0024848049900720306,0.04292563812504094,-0.2878747952618007,-0.08349772884496713,0.024782376703624757,0.0048458381119432375,-0.008695200612248447,0.015822894240133577,0.07586510734770098,0.0
14,-0.06301450755935671,0.009089069793867515,-0.2459111347440346,0.001400725466259134,0.025756988066661594,-0.16541723901691455,-0.10542819805464504,0.03754271142114801,0.007319014619198719,-0.008700925042193119,0.015837453130484926,0.07584785470104148,0.0
15,-0.06291573072249136,0.010029146869298525,-0.25132838389980633,0.009356079134373408,0.015142585352676857,-0.09431448530515997,-0.07727767275707409,0.048878428104890126,-0.008398269751605285,-0.008675410615057898,0.015891874266398178,0.07586287030362587,0.0
16,-0.06267835528281429,0.010364238468067293,-0.2530990888285712,0.011640139838783776,0.003108409545405505,-0.021374554276099588,-0.03350550387972957,0.05429226180854891,-0.028724701423980536,-0.00865133309502608,0.015930576680407853,0.07588925934358925,0.0
17,-0.06271984355493092,0.010407437580196882,-0.25130275349363157,0.006413699506075399,-0.004493222655979477,0.052630325709111414,0.021639276892751108,0.05915097650997391,-0.05502972591274598,-0.008615071167100419,0.01588747283069098,0.07596214411265433,0.0
18,-0.06296554658710202,0.010123795575721137,-0.24518050745322711,0.006523318930729438,-0.013015596359718806,0.16191296738689423,0.05126128951628034,0.06325839975668639,-0.06439704619978615,-0.008638705215358323,0.015890634811805925,0.07602631009439996,0.0
