gtsam_id,pos_x,pos_y,pos_z,vel_x,vel_y,vel_z,bias_acc_x,bias_acc_y,bias_acc_z,bias_gyro_x,bias_gyro_y,bias_gyro_z,new_factors_error
9,-0.05931425544173244,0.0005235555530188915,-0.17636065132656661,-0.002756955211262728,0.02759745829426804,-0.5492108479454406,0.04860502151895832,-0.051700503616243,-0.019700632797326135,-0.008077934570619416,0.014362549259300424,0.07648441150946637,251.48997756289407
10,-0.056453012780768946,0.002807529240943265,-0.22789624981309844,-0.009228872463649677,0.03331969200539543,-0.4835717902843194,0.03649956678783055,-0.041304030102959015,-0.021599772221343693,-0.00811471187072549,0.014129679045122972,0.07623755862958578,155.77424907279726
11,-0.05581103114950466,0.004565271185121157,-0.2482959993421924,-0.009170585048954988,0.05071855348701319,-0.4391190153561692,0.020992258315580957,-0.019230868019744725,-0.016888999800238044,-0.008244922522259347,0.013689132660604609,0.07597036755983211,22.195339209074557
12,-0.055720032505309755,0.005513401332675082,-0.2644017578750741,0.002625613810504789,0.04894326668699349,-0.4001769696178937,0.0077357643073014005,0.006253404891375668,-0.006215674058435301,-0.007828436570333006,0.014550656571007006,0.07670760260457785,101.63148422540448
13,-0.057362491316061054,0.007334518364617248,-0.27401652834995827,0.010353590129237679,0.045099572943395214,-0.32542418329240985,-0.015077969377103496,0.03417413307675976,0.0026644220254692617,-0.007405624023566606,0.014485498584858791,0.07720812106330664,72.98663973969256
14,-0.0577609499886817,0.007677590575911776,-0.28482659424153367,0.0024338884663612486,0.023494413759163623,-0.22397640814729744,-0.024174696296180513,0.029373368048366447,0.015201527734184333,-0.007273715810008579,0.016008689228022448,0.07673608872052795,344.3887895399341
15,-0.05745552595112424,0.00944690906145108,-0.2883779476477818,0.006383368802272114,0.01286735456969066,-0.07291014901290566,-0.03929820181059755,0.04281120696218661,0.010817478723184233,-0.0071729345420046015,0.015104530096770426,0.07728361015223771,11086.80554015521
16,-0.059263400114478906,0.010068020608233839,-0.28122058930981214,0.0034424344912929554,0.005582372616217149,0.11364075371449162,-0.04896162304357538,0.05571999566475949,0.00986746573381987,-0.007249197454646058,0.015091486920519372,0.07733382837338801,38.67571138489758
