Round,error
0,68.55313282904929
1,92.48092890061842
2,124.2283463061634
3,159.75541890380677
4,272.3420772289976
5,309.47262225190286
6,347.11501857819263
